Workbook

Sheet Assumptions
A2: Kumoh pilot quote. Editable inputs are highlighted yellow; all figures recalculate automatically.
A4: Input | B4: Value | C4: Notes
A5: Semester length (months) | B5: 4 | C5: Korean evening-class semester runs September to December.
A6: Seats needed per student | B6: =B5 -> 4 | C6: One seat = one 30-day voucher; one per student per month of the semester.
A7: Institution Plus - price/seat (10-99) | B7: 8.99 | C7: From billingPlans.js: derived from individual Plus monthly price.
A8: Institution Plus - price/seat (100+) | B8: 8.54 | C8: Bulk tier at 100+ seats.
A9: Institution Pro - price/seat (10-99) | B9: 17.99 | C9: From billingPlans.js: derived from individual Pro monthly price.
A10: Institution Pro - price/seat (100+) | B10: 17.09 | C10: Bulk tier at 100+ seats.
A11: Institution Plus - minimum seats | B11: 10 | C11: Plan minimum.
A12: Institution Pro - minimum seats | B12: 10 | C12: Plan minimum (all institution tiers are 10).
A13: Founding-partner pilot discount | B13: 0.5 | C13: Recommended first-semester discount. ADJUST to your decision.
A14: USD -> KRW (approx.) | B14: 1380 | C14: For reference only; confirm current rate before quoting.

Sheet Cohort Quote
A1: Quote by Cohort Size (one semester)
A2: Seats = students x semester months. Per-seat price uses the bulk tier for the seat count; all tiers have a 10-seat minimum.
A4: Students | B4: Seats needed (students x semester) | C4: PLUS seats billed | D4: PLUS $/seat | E4: PLUS list total | F4: PLUS after discount | G4: PRO seats billed | H4: PRO $/seat | I4: PRO list total | J4: PRO after discount | K4: PRO total (KRW approx.)
A5: 3 | B5: =A5*Assumptions!$B$5 -> 12 | C5: =MAX(B5,Assumptions!$B$11) -> 12 | D5: =IF(C5>=100,Assumptions!$B$8,Assumptions!$B$7) -> 8.99 | E5: =C5*D5 -> 107.88 | F5: =E5*(1-Assumptions!$B$13) -> 53.94 | G5: =MAX(B5,Assumptions!$B$12) -> 12 | H5: =IF(G5>=100,Assumptions!$B$10,Assumptions!$B$9) -> 17.99 | I5: =G5*H5 -> 215.88 | J5: =I5*(1-Assumptions!$B$13) -> 107.94 | K5: =J5*Assumptions!$B$14 -> 148957.2
A6: 5 | B6: =A6*Assumptions!$B$5 -> 20 | C6: =MAX(B6,Assumptions!$B$11) -> 20 | D6: =IF(C6>=100,Assumptions!$B$8,Assumptions!$B$7) -> 8.99 | E6: =C6*D6 -> 179.8 | F6: =E6*(1-Assumptions!$B$13) -> 89.9 | G6: =MAX(B6,Assumptions!$B$12) -> 20 | H6: =IF(G6>=100,Assumptions!$B$10,Assumptions!$B$9) -> 17.99 | I6: =G6*H6 -> 359.8 | J6: =I6*(1-Assumptions!$B$13) -> 179.9 | K6: =J6*Assumptions!$B$14 -> 248262
A7: 10 | B7: =A7*Assumptions!$B$5 -> 40 | C7: =MAX(B7,Assumptions!$B$11) -> 40 | D7: =IF(C7>=100,Assumptions!$B$8,Assumptions!$B$7) -> 8.99 | E7: =C7*D7 -> 359.6 | F7: =E7*(1-Assumptions!$B$13) -> 179.8 | G7: =MAX(B7,Assumptions!$B$12) -> 40 | H7: =IF(G7>=100,Assumptions!$B$10,Assumptions!$B$9) -> 17.99 | I7: =G7*H7 -> 719.6 | J7: =I7*(1-Assumptions!$B$13) -> 359.8 | K7: =J7*Assumptions!$B$14 -> 496524
A8: 15 | B8: =A8*Assumptions!$B$5 -> 60 | C8: =MAX(B8,Assumptions!$B$11) -> 60 | D8: =IF(C8>=100,Assumptions!$B$8,Assumptions!$B$7) -> 8.99 | E8: =C8*D8 -> 539.4 | F8: =E8*(1-Assumptions!$B$13) -> 269.7 | G8: =MAX(B8,Assumptions!$B$12) -> 60 | H8: =IF(G8>=100,Assumptions!$B$10,Assumptions!$B$9) -> 17.99 | I8: =G8*H8 -> 1079.4 | J8: =I8*(1-Assumptions!$B$13) -> 539.7 | K8: =J8*Assumptions!$B$14 -> 744786
A9: 25 | B9: =A9*Assumptions!$B$5 -> 100 | C9: =MAX(B9,Assumptions!$B$11) -> 100 | D9: =IF(C9>=100,Assumptions!$B$8,Assumptions!$B$7) -> 8.54 | E9: =C9*D9 -> 854 | F9: =E9*(1-Assumptions!$B$13) -> 427 | G9: =MAX(B9,Assumptions!$B$12) -> 100 | H9: =IF(G9>=100,Assumptions!$B$10,Assumptions!$B$9) -> 17.09 | I9: =G9*H9 -> 1709 | J9: =I9*(1-Assumptions!$B$13) -> 854.5 | K9: =J9*Assumptions!$B$14 -> 1179210
A10: 40 | B10: =A10*Assumptions!$B$5 -> 160 | C10: =MAX(B10,Assumptions!$B$11) -> 160 | D10: =IF(C10>=100,Assumptions!$B$8,Assumptions!$B$7) -> 8.54 | E10: =C10*D10 -> 1366.4 | F10: =E10*(1-Assumptions!$B$13) -> 683.2 | G10: =MAX(B10,Assumptions!$B$12) -> 160 | H10: =IF(G10>=100,Assumptions!$B$10,Assumptions!$B$9) -> 17.09 | I10: =G10*H10 -> 2734.4 | J10: =I10*(1-Assumptions!$B$13) -> 1367.2 | K10: =J10*Assumptions!$B$14 -> 1886736
A11: 50 | B11: =A11*Assumptions!$B$5 -> 200 | C11: =MAX(B11,Assumptions!$B$11) -> 200 | D11: =IF(C11>=100,Assumptions!$B$8,Assumptions!$B$7) -> 8.54 | E11: =C11*D11 -> 1708 | F11: =E11*(1-Assumptions!$B$13) -> 854 | G11: =MAX(B11,Assumptions!$B$12) -> 200 | H11: =IF(G11>=100,Assumptions!$B$10,Assumptions!$B$9) -> 17.09 | I11: =G11*H11 -> 3418 | J11: =I11*(1-Assumptions!$B$13) -> 1709 | K11: =J11*Assumptions!$B$14 -> 2358420
A13: Recommended tier: Institution Pro - it includes instructor progress reports and classroom tools the coordinators need to see results. Institution Plus is the budget option but has no progress reports.

Sheet Two-Track Pilot
A1: Two-Track Fall Pilot
A2: Adjust the yellow inputs (students and seats per student) for each track. Institution Pro tier; 50% founding-partner discount from Assumptions.
A4: Track | B4: Students | C4: Seats/student | D4: Seats | E4: $/seat | F4: List | G4: After 50%
A5: Evening classes (4 months) | B5: 50 | C5: 4 | D5: =B5*C5 -> 200 | E5: =IF(D5>=100,Assumptions!$B$10,Assumptions!$B$9) -> 17.09 | F5: =MAX(D5,Assumptions!$B$12)*E5 -> 3418 | G5: =F5*(1-Assumptions!$B$13) -> 1709
A6: Korean Language Program (6 months) | B6: 100 | C6: 6 | D6: =B6*C6 -> 600 | E6: =IF(D6>=100,Assumptions!$B$10,Assumptions!$B$9) -> 17.09 | F6: =MAX(D6,Assumptions!$B$12)*E6 -> 10254 | G6: =F6*(1-Assumptions!$B$13) -> 5127
A7: Total | B7: =SUM(B5:B6) -> 150 | D7: =SUM(D5:D6) -> 800 | F7: =SUM(F5:F6) -> 13672 | G7: =SUM(G5:G6) -> 6836
A9: Evening - per student (after discount) | B9: =G5/B5 -> 34.18
A10: Language - per student (after discount) | B10: =G6/B6 -> 51.27
A11: Institution Plus - combined list (alternative) | B11: =MAX(D5,Assumptions!$B$11)*IF(D5>=100,Assumptions!$B$8,Assumptions!$B$7)+MAX(D6,Assumptions!$B$11)*IF(D6>=100,Assumptions!$B$8,Assumptions!$B$7) -> 6832
A12: Institution Plus - combined after discount | B12: =B11*(1-Assumptions!$B$13) -> 3416
